2559	Royal Splendour 6 Piece Towel Set Visone Brown	royal-splendour-6-piece-towel-set-visone-brown	Canningvale Australia;Royal Splendour;Towel Set	ROYALSPLENDOUR6PIECETOWELSETVISONEBROWN7079	0	"[{'"unitPrice'":74.90,'"thumbnail'":'"5ee61b440351c97df2d386bb\/thumbnail'",'"recommendedRetailPrice'":59.50,'"stockItemId'":2717}]"						f	t	Thet Lwin Oo	2020-06-14 04:48:56.976522	4395-01-31 16:00:00	4395-01-31 16:00:00	2307	1101	10747	1051
2560	Royal Splendour 6 Piece Towel Set Powder Blue	royal-splendour-6-piece-towel-set-powder-blue	Canningvale Australia;Royal Splendour;Towel Set	ROYALSPLENDOUR6PIECETOWELSETPOWDERBLUE115	0	"[{'"unitPrice'":74.90,'"thumbnail'":'"5ee61b490351c97df2d386bf\/thumbnail'",'"recommendedRetailPrice'":59.50,'"stockItemId'":2719}]"						f	t	Thet Lwin Oo	2020-06-14 04:48:56.981523	4395-01-31 16:00:00	4395-01-31 16:00:00	2308	1101	10747	1051
2585	Bamboo Cotton Quilt Cover Set Single Bed Rosa Gold	bamboo-cotton-quilt-cover-set-single-bed-rosa-gold	Canningvale Australia;Bamboo Cotton;Quilt Cover Set	BAMBOOCOTTONQUILTCOVERSETSINGLEBEDROSAGOLD6225	0	"[{'"unitPrice'":79.90,'"thumbnail'":'"5ee61d5a0351c97df2d387a9\/thumbnail'",'"recommendedRetailPrice'":63.47,'"stockItemId'":2933}]"						f	t	Thet Lwin Oo	2020-06-14 04:48:57.809519	4395-01-31 16:00:00	4395-01-31 16:00:00	2335	1101	10747	1051
2572	Egyptian Royale Hand towel	egyptian-royale-hand-towel	Canningvale Australia;Royal Splendour;Hand Towel	EGYPTIANROYALEHANDTOWEL4517	0	"[{'"unitPrice'":19.90,'"thumbnail'":'"5ee61c8c0351c97df2d38746\/thumbnail'",'"recommendedRetailPrice'":15.81,'"stockItemId'":2833},{'"unitPrice'":19.90,'"thumbnail'":'"5ee61c870351c97df2d38742\/thumbnail'",'"recommendedRetailPrice'":15.81,'"stockItemId'":2831},{'"unitPrice'":19.90,'"thumbnail'":'"5ee61c8f0351c97df2d38748\/thumbnail'",'"recommendedRetailPrice'":15.81,'"stockItemId'":2834},{'"unitPrice'":19.90,'"thumbnail'":'"5ee61c8a0351c97df2d38744\/thumbnail'",'"recommendedRetailPrice'":15.81,'"stockItemId'":2832}]"						f	t	Thet Lwin Oo	2020-06-14 04:48:57.31652	4395-01-31 16:00:00	4395-01-31 16:00:00	2322	1101	10747	1051
2577	Egyptian Royale Hand Towel	egyptian-royale-hand-towel	Canningvale Australia;Royal Splendour;Hand Towel	EGYPTIANROYALEHANDTOWEL1371	0	"[{'"unitPrice'":19.90,'"thumbnail'":'"5ee61cd30351c97df2d38767\/thumbnail'",'"recommendedRetailPrice'":15.81,'"stockItemId'":2850},{'"unitPrice'":19.90,'"thumbnail'":'"5ee61ce20351c97df2d38769\/thumbnail'",'"recommendedRetailPrice'":15.81,'"stockItemId'":2901}]"						f	t	Thet Lwin Oo	2020-06-14 04:48:57.504519	4395-01-31 16:00:00	4395-01-31 16:00:00	2326	1101	10747	1051
2583	Riveira 6 Piece Set	riveira-6-piece-set	Canningvale Australia;Riveira;Towel Set	RIVEIRA6PIECESET8577	0	"[{'"unitPrice'":95.90,'"thumbnail'":'"5ee61d2b0351c97df2d38791\/thumbnail'",'"recommendedRetailPrice'":76.18,'"stockItemId'":2921},{'"unitPrice'":95.90,'"thumbnail'":'"5ee61d380351c97df2d38797\/thumbnail'",'"recommendedRetailPrice'":76.18,'"stockItemId'":2924}]"						f	t	Thet Lwin Oo	2020-06-14 04:48:57.772521	4395-01-31 16:00:00	4395-01-31 16:00:00	2331	1101	10747	1051
2593	Bamboo Cotton Quilt Cover Set King Bed Rosa Gold	bamboo-cotton-quilt-cover-set-king-bed-rosa-gold	Canningvale Australia;Bamboo Cotton;Quilt Cover Set	BAMBOOCOTTONQUILTCOVERSETKINGBEDROSAGOLD8673	0	"[{'"unitPrice'":109.90,'"thumbnail'":'"5ee61d6c0351c97df2d387b4\/thumbnail'",'"recommendedRetailPrice'":87.30,'"stockItemId'":2938}]"						f	t	Thet Lwin Oo	2020-06-14 04:48:58.129521	4395-01-31 16:00:00	4395-01-31 16:00:00	2343	1101	10747	1051
2594	Bamboo Cotton Sheet Set Single Bed Rosa Gold	bamboo-cotton-sheet-set-single-bed-rosa-gold	Canningvale Australia;Bamboo Cotton;Sheet Set	BAMBOOCOTTONSHEETSETSINGLEBEDROSAGOLD8430	0	"[{'"unitPrice'":89.90,'"thumbnail'":'"5ee61d6f0351c97df2d387b6\/thumbnail'",'"recommendedRetailPrice'":71.42,'"stockItemId'":2939}]"						f	t	Thet Lwin Oo	2020-06-14 04:48:58.130521	4395-01-31 16:00:00	4395-01-31 16:00:00	2342	1101	10747	1051
2592	Bamboo Cotton Quilt Cover Set King Bed Gelato Mint	bamboo-cotton-quilt-cover-set-king-bed-gelato-mint	Canningvale Australia;Bamboo Cotton;Quilt Cover Set	BAMBOOCOTTONQUILTCOVERSETKINGBEDGELATOMINT3352	0	"[{'"unitPrice'":109.90,'"thumbnail'":'"5ee61d810351c97df2d387b8\/thumbnail'",'"recommendedRetailPrice'":87.30,'"stockItemId'":2940}]"						f	t	Thet Lwin Oo	2020-06-14 04:48:57.96552	4395-01-31 16:00:00	4395-01-31 16:00:00	2344	1101	10747	1051
2655	Bamboo Cotton Pillowcase FSS Twin Pack Bed Carrara White	bamboo-cotton-pillowcase-fss-twin-pack-bed-carrara-white	Canningvale Australia;Bamboo Cotton;Pillowcase	BAMBOOCOTTONPILLOWCASEFSSTWINPACKBEDCARRARAWHITE4039	0	"[{'"unitPrice'":39.90,'"thumbnail'":'"5ee61dab0351c97df2d387ce\/thumbnail'",'"recommendedRetailPrice'":31.70,'"stockItemId'":3001}]"						f	t	Thet Lwin Oo	2020-06-14 04:48:58.437518	4395-01-31 16:00:00	4395-01-31 16:00:00	2408	1101	10747	1051
2653	Bamboo Cotton Sheet Set King Bed Gelato Mint	bamboo-cotton-sheet-set-king-bed-gelato-mint	Canningvale Australia;Bamboo Cotton;Sheet Set	BAMBOOCOTTONSHEETSETKINGBEDGELATOMINT2990	0	"[{'"unitPrice'":119.90,'"thumbnail'":'"5ee61db00351c97df2d387d2\/thumbnail'",'"recommendedRetailPrice'":95.25,'"stockItemId'":3003}]"						f	t	Thet Lwin Oo	2020-06-14 04:48:58.295519	4395-01-31 16:00:00	4395-01-31 16:00:00	2403	1101	10747	1051
2659	Sogno Linen Cotton Queen Quilt Cover Set Legna Brown	sogno-linen-cotton-queen-quilt-cover-set-legna-brown	Canningvale Australia;Sogno Linen;Quilt Cover Set	SOGNOLINENCOTTONQUEENQUILTCOVERSETLEGNABROWN9781	0	"[{'"unitPrice'":119.90,'"thumbnail'":'"5ee61dc50351c97df2d387da\/thumbnail'",'"recommendedRetailPrice'":95.25,'"stockItemId'":3007}]"						f	t	Thet Lwin Oo	2020-06-14 04:48:58.477523	4395-01-31 16:00:00	4395-01-31 16:00:00	2409	1101	10747	1051
2666	Sogno Linen Cotton King Quilt Cover Set Legna Brown	sogno-linen-cotton-king-quilt-cover-set-legna-brown	Canningvale Australia;Sogno Linen;Quilt Cover Set	SOGNOLINENCOTTONKINGQUILTCOVERSETLEGNABROWN6580	0	"[{'"unitPrice'":129.90,'"thumbnail'":'"5ee61dd80351c97df2d387e2\/thumbnail'",'"recommendedRetailPrice'":103.19,'"stockItemId'":3011}]"						f	t	Thet Lwin Oo	2020-06-14 04:48:58.657568	4395-01-31 16:00:00	4395-01-31 16:00:00	2416	1101	10747	1051
2671	Sogno Linen Cotton Queen Sheet Set Amore Blush	sogno-linen-cotton-queen-sheet-set-amore-blush	Canningvale Australia;Sogno Linen;Sheet Set	SOGNOLINENCOTTONQUEENSHEETSETAMOREBLUSH6752	0	"[{'"unitPrice'":134.90,'"thumbnail'":'"5ee61de50351c97df2d387ec\/thumbnail'",'"recommendedRetailPrice'":107.16,'"stockItemId'":3016}]"						f	t	Thet Lwin Oo	2020-06-14 04:48:58.813532	4395-01-31 16:00:00	4395-01-31 16:00:00	2421	1101	10747	1051
2675	Sogno Linen Cotton King Sheet Set Amore Blush	sogno-linen-cotton-king-sheet-set-amore-blush	Canningvale Australia;Sogno Linen;Sheet Set	SOGNOLINENCOTTONKINGSHEETSETAMOREBLUSH8327	0	"[{'"unitPrice'":144.90,'"thumbnail'":'"5ee61e170351c97df2d387fc\/thumbnail'",'"recommendedRetailPrice'":115.11,'"stockItemId'":3024}]"						f	t	Thet Lwin Oo	2020-06-14 04:48:58.986521	4395-01-31 16:00:00	4395-01-31 16:00:00	2424	1101	10747	1051
2552	Lily & Rose Scented Soy Wax Candle	lily-rose-scented-soy-wax-candle	Canningvale Australia;Soy Wax Candle	LILYROSESCENTEDSOYWAXCANDLE2545	0	"[{'"unitPrice'":39.90,'"thumbnail'":'"5ee61b0a0351c97df2d3869d\/thumbnail'",'"recommendedRetailPrice'":31.70,'"stockItemId'":2702}]"						f	t	Thet Lwin Oo	2020-06-14 04:48:56.771531	4395-01-31 16:00:00	4395-01-31 16:00:00	2303	1101	10747	1051
2595	Bamboo Cotton Quilt Cover Set King Bed Fresco Blue	bamboo-cotton-quilt-cover-set-king-bed-fresco-blue	Canningvale Australia;Bamboo Cotton;Quilt Cover Set	BAMBOOCOTTONQUILTCOVERSETKINGBEDFRESCOBLUE4645	0	"[{'"unitPrice'":109.90,'"thumbnail'":'"5ee61d8f0351c97df2d387c0\/thumbnail'",'"recommendedRetailPrice'":87.30,'"stockItemId'":2944}]"						f	t	Thet Lwin Oo	2020-06-14 04:48:58.129521	4395-01-31 16:00:00	4395-01-31 16:00:00	2346	1101	10747	1051
2600	Bamboo Cotton Sheet Set King Bed Fresco Blue	bamboo-cotton-sheet-set-king-bed-fresco-blue	Canningvale Australia;Bamboo Cotton;Sheet Set	BAMBOOCOTTONSHEETSETKINGBEDFRESCOBLUE768	0	"[{'"unitPrice'":119.90,'"thumbnail'":'"5ee61d950351c97df2d387c4\/thumbnail'",'"recommendedRetailPrice'":95.25,'"stockItemId'":2946}]"						f	t	Thet Lwin Oo	2020-06-14 04:48:58.290521	4395-01-31 16:00:00	4395-01-31 16:00:00	2402	1101	10747	1051
2557	Royal Splendour 6 Piece Pack	royal-splendour-6-piece-pack	Canningvale Australia;Royal Splendour;Towel Set	ROYALSPLENDOUR6PIECEPACK7512	0	"[{'"unitPrice'":74.90,'"thumbnail'":'"5ee61b3b0351c97df2d386b7\/thumbnail'",'"recommendedRetailPrice'":59.50,'"stockItemId'":2715},{'"unitPrice'":74.90,'"thumbnail'":'"5ee61b380351c97df2d386b5\/thumbnail'",'"recommendedRetailPrice'":59.50,'"stockItemId'":2714},{'"unitPrice'":74.90,'"thumbnail'":'"5ee61b330351c97df2d386b1\/thumbnail'",'"recommendedRetailPrice'":59.50,'"stockItemId'":2712}]"						f	t	Thet Lwin Oo	2020-06-14 04:48:56.975521	4395-01-31 16:00:00	4395-01-31 16:00:00	2310	1101	10747	1051
2573	Egyptian Royale 7 Piece pack	egyptian-royale-7-piece-pack	Canningvale Australia;Royal Splendour;Towel Set	EGYPTIANROYALE7PIECEPACK4437	0	"[{'"unitPrice'":99.90,'"thumbnail'":null,'"recommendedRetailPrice'":79.36,'"stockItemId'":2837},{'"unitPrice'":99.90,'"thumbnail'":'"5ee61c9d0351c97df2d3874e\/thumbnail'",'"recommendedRetailPrice'":79.36,'"stockItemId'":2838},{'"unitPrice'":99.90,'"thumbnail'":'"5ee61c990351c97df2d3874c\/thumbnail'",'"recommendedRetailPrice'":79.36,'"stockItemId'":2836},{'"unitPrice'":99.90,'"thumbnail'":'"5ee61ca00351c97df2d38750\/thumbnail'",'"recommendedRetailPrice'":79.36,'"stockItemId'":2839}]"						f	t	Thet Lwin Oo	2020-06-14 04:48:57.349519	4395-01-31 16:00:00	4395-01-31 16:00:00	2321	1101	10747	1051
2581	Aria Bath Towel	aria-bath-towel	Canningvale Australia;Aria;Bath Towel	ARIABATHTOWEL2862	0	"[{'"unitPrice'":49.90,'"thumbnail'":'"5ee61d170351c97df2d38787\/thumbnail'",'"recommendedRetailPrice'":39.64,'"stockItemId'":2916},{'"unitPrice'":49.90,'"thumbnail'":'"5ee61d0c0351c97df2d3877f\/thumbnail'",'"recommendedRetailPrice'":39.64,'"stockItemId'":2912},{'"unitPrice'":49.90,'"thumbnail'":'"5ee61d120351c97df2d38783\/thumbnail'",'"recommendedRetailPrice'":39.64,'"stockItemId'":2914},{'"unitPrice'":49.90,'"thumbnail'":'"5ee61d1d0351c97df2d3878b\/thumbnail'",'"recommendedRetailPrice'":39.64,'"stockItemId'":2918}]"						f	t	Thet Lwin Oo	2020-06-14 04:48:57.751522	4395-01-31 16:00:00	4395-01-31 16:00:00	2333	1101	10747	1051
2575	Egyptian Royale Face Washer	egyptian-royale-face-washer	Canningvale Australia;Royal Splendour;Face Washer	EGYPTIANROYALEFACEWASHER2781	0	"[{'"unitPrice'":14.90,'"thumbnail'":'"5ee61cb50351c97df2d3875a\/thumbnail'",'"recommendedRetailPrice'":11.84,'"stockItemId'":2844},{'"unitPrice'":14.90,'"thumbnail'":'"5ee61cac0351c97df2d38754\/thumbnail'",'"recommendedRetailPrice'":11.84,'"stockItemId'":2841}]"						f	t	Thet Lwin Oo	2020-06-14 04:48:57.503521	4395-01-31 16:00:00	4395-01-31 16:00:00	2325	1101	10747	1051
2656	Bamboo Cotton Sheet Set King Bed Rosa Gold	bamboo-cotton-sheet-set-king-bed-rosa-gold	Canningvale Australia;Bamboo Cotton;Sheet Set	BAMBOOCOTTONSHEETSETKINGBEDROSAGOLD675	0	"[{'"unitPrice'":119.90,'"thumbnail'":'"5ee61da00351c97df2d387ca\/thumbnail'",'"recommendedRetailPrice'":95.25,'"stockItemId'":2949}]"						f	t	Thet Lwin Oo	2020-06-14 04:48:58.441518	4395-01-31 16:00:00	4395-01-31 16:00:00	2405	1101	10747	1051
2587	Bamboo Cotton Quilt Cover Set Single Bed Gelato Mint	bamboo-cotton-quilt-cover-set-single-bed-gelato-mint	Canningvale Australia;Bamboo Cotton;Quilt Cover Set	BAMBOOCOTTONQUILTCOVERSETSINGLEBEDGELATOMINT4133	0	"[{'"unitPrice'":79.90,'"thumbnail'":'"5ee61d610351c97df2d387ab\/thumbnail'",'"recommendedRetailPrice'":63.47,'"stockItemId'":2935}]"						f	t	Thet Lwin Oo	2020-06-14 04:48:57.953521	4395-01-31 16:00:00	4395-01-31 16:00:00	2337	1101	10747	1051
2662	Sogno Linen Cotton Queen Quilt Cover Set Amore Blush	sogno-linen-cotton-queen-quilt-cover-set-amore-blush	Canningvale Australia;Sogno Linen;Quilt Cover Set	SOGNOLINENCOTTONQUEENQUILTCOVERSETAMOREBLUSH243	0	"[{'"unitPrice'":119.90,'"thumbnail'":'"5ee61ddb0351c97df2d387e4\/thumbnail'",'"recommendedRetailPrice'":95.25,'"stockItemId'":3012}]"						f	t	Thet Lwin Oo	2020-06-14 04:48:58.631519	4395-01-31 16:00:00	4395-01-31 16:00:00	2412	1101	10747	1051
2667	Sogno Linen Cotton King Sheet Set Indigo Blue	sogno-linen-cotton-king-sheet-set-indigo-blue	Canningvale Australia;Sogno Linen;Sheet Set	SOGNOLINENCOTTONKINGSHEETSETINDIGOBLUE341	0	"[{'"unitPrice'":144.90,'"thumbnail'":'"5ee61ddf0351c97df2d387e8\/thumbnail'",'"recommendedRetailPrice'":115.11,'"stockItemId'":3014}]"						f	t	Thet Lwin Oo	2020-06-14 04:48:58.806522	4395-01-31 16:00:00	4395-01-31 16:00:00	2417	1101	10747	1051
2673	Palazzo Royale 1000TC Queen Sheet Set	palazzo-royale-1000tc-queen-sheet-set	Canningvale Australia;Palazzo Royale 1000TC;Sheet Set	PALAZZOROYALE1000TCQUEENSHEETSET3410	0	"[{'"unitPrice'":149.90,'"thumbnail'":'"5ee61de70351c97df2d387ee\/thumbnail'",'"recommendedRetailPrice'":119.08,'"stockItemId'":3017},{'"unitPrice'":149.90,'"thumbnail'":'"5ee61df20351c97df2d387f0\/thumbnail'",'"recommendedRetailPrice'":119.08,'"stockItemId'":3018},{'"unitPrice'":149.90,'"thumbnail'":'"5ee61e140351c97df2d387f8\/thumbnail'",'"recommendedRetailPrice'":119.08,'"stockItemId'":3022},{'"unitPrice'":149.90,'"thumbnail'":'"5ee61df90351c97df2d387f4\/thumbnail'",'"recommendedRetailPrice'":119.08,'"stockItemId'":3020}]"						f	t	Thet Lwin Oo	2020-06-14 04:48:58.984544	4395-01-31 16:00:00	4395-01-31 16:00:00	2423	1101	10747	1051
2568	Egyptian Royale 4 Piece pack	egyptian-royale-4-piece-pack	Canningvale Australia;Royal Splendour;Towel Set	EGYPTIANROYALE4PIECEPACK3843	0	"[{'"unitPrice'":79.90,'"thumbnail'":'"5ee61c360351c97df2d3871c\/thumbnail'",'"recommendedRetailPrice'":63.47,'"stockItemId'":2812},{'"unitPrice'":79.90,'"thumbnail'":'"5ee61c3b0351c97df2d38720\/thumbnail'",'"recommendedRetailPrice'":63.47,'"stockItemId'":2814},{'"unitPrice'":79.90,'"thumbnail'":'"5ee61c450351c97df2d38726\/thumbnail'",'"recommendedRetailPrice'":63.47,'"stockItemId'":2817}]"						f	t	Thet Lwin Oo	2020-06-14 04:48:57.177521	4395-01-31 16:00:00	4395-01-31 16:00:00	2318	1101	10747	1051
2580	Amalfitana Bath Towel	amalfitana-bath-towel	Canningvale Australia;Amalfitana;Bath Towel	AMALFITANABATHTOWEL4650	0	"[{'"unitPrice'":25.00,'"thumbnail'":'"5ee61d090351c97df2d3877d\/thumbnail'",'"recommendedRetailPrice'":19.86,'"stockItemId'":2911},{'"unitPrice'":25.00,'"thumbnail'":'"5ee61cfa0351c97df2d38779\/thumbnail'",'"recommendedRetailPrice'":19.86,'"stockItemId'":2909},{'"unitPrice'":25.00,'"thumbnail'":'"5ee61d0f0351c97df2d38781\/thumbnail'",'"recommendedRetailPrice'":19.86,'"stockItemId'":2913},{'"unitPrice'":25.00,'"thumbnail'":'"5ee61d030351c97df2d3877b\/thumbnail'",'"recommendedRetailPrice'":19.86,'"stockItemId'":2910},{'"unitPrice'":25.00,'"thumbnail'":'"5ee61cf60351c97df2d38777\/thumbnail'",'"recommendedRetailPrice'":19.86,'"stockItemId'":2908}]"						f	t	Thet Lwin Oo	2020-06-14 04:48:57.73452	4395-01-31 16:00:00	4395-01-31 16:00:00	2329	1101	10747	1051
2555	Monaco 6 Piece Towel Set	monaco-6-piece-towel-set	Canningvale Australia;Monaco;Towel Set	MONACO6PIECETOWELSET9316	0	"[{'"unitPrice'":79.90,'"thumbnail'":'"5ee61b070351c97df2d3869b\/thumbnail'",'"recommendedRetailPrice'":63.47,'"stockItemId'":2701},{'"unitPrice'":79.90,'"thumbnail'":'"5ee61b1a0351c97df2d386a5\/thumbnail'",'"recommendedRetailPrice'":63.47,'"stockItemId'":2706},{'"unitPrice'":79.90,'"thumbnail'":'"5ee61b0d0351c97df2d3869f\/thumbnail'",'"recommendedRetailPrice'":63.47,'"stockItemId'":2703}]"						f	t	Thet Lwin Oo	2020-06-14 04:48:56.770522	4395-01-31 16:00:00	4395-01-31 16:00:00	2305	1101	10747	1051
2590	Bamboo Cotton Quilt Cover Set Queen Bed Rosa Gold	bamboo-cotton-quilt-cover-set-queen-bed-rosa-gold	Canningvale Australia;Bamboo Cotton;Quilt Cover Set	BAMBOOCOTTONQUILTCOVERSETQUEENBEDROSAGOLD1599	0	"[{'"unitPrice'":99.90,'"thumbnail'":'"5ee61d670351c97df2d387b0\/thumbnail'",'"recommendedRetailPrice'":79.36,'"stockItemId'":2936}]"						f	t	Thet Lwin Oo	2020-06-14 04:48:57.960521	4395-01-31 16:00:00	4395-01-31 16:00:00	2341	1101	10747	1051
2562	Royal Splendour 3 Piece Pack	royal-splendour-3-piece-pack	Canningvale Australia;Royal Splendour;Towel Set	ROYALSPLENDOUR3PIECEPACK7661	0	"[{'"unitPrice'":39.90,'"thumbnail'":'"5ee61b460351c97df2d386bd\/thumbnail'",'"recommendedRetailPrice'":31.70,'"stockItemId'":2718},{'"unitPrice'":39.90,'"thumbnail'":'"5ee61b710351c97df2d386c8\/thumbnail'",'"recommendedRetailPrice'":31.70,'"stockItemId'":2722}]"						f	t	Thet Lwin Oo	2020-06-14 04:48:56.985521	4395-01-31 16:00:00	4395-01-31 16:00:00	2311	1101	10747	1051
2574	Egyptian Royale 7 Piece Pack	egyptian-royale-7-piece-pack	Canningvale Australia;Royal Splendour;Towel Set	EGYPTIANROYALE7PIECEPACK2963	0	"[{'"unitPrice'":99.90,'"thumbnail'":'"5ee61c910351c97df2d3874a\/thumbnail'",'"recommendedRetailPrice'":79.36,'"stockItemId'":2835},{'"unitPrice'":99.90,'"thumbnail'":'"5ee61cb20351c97df2d38758\/thumbnail'",'"recommendedRetailPrice'":79.36,'"stockItemId'":2843},{'"unitPrice'":99.90,'"thumbnail'":'"5ee61cb00351c97df2d38756\/thumbnail'",'"recommendedRetailPrice'":79.36,'"stockItemId'":2842}]"						f	t	Thet Lwin Oo	2020-06-14 04:48:57.362521	4395-01-31 16:00:00	4395-01-31 16:00:00	2324	1101	10747	1051
2584	Aria 6 Piece Set	aria-6-piece-set	Canningvale Australia;Aria;Towel Set	ARIA6PIECESET6498	0	"[{'"unitPrice'":179.90,'"thumbnail'":'"5ee61d200351c97df2d3878d\/thumbnail'",'"recommendedRetailPrice'":142.91,'"stockItemId'":2919},{'"unitPrice'":179.90,'"thumbnail'":'"5ee61d3b0351c97df2d38799\/thumbnail'",'"recommendedRetailPrice'":142.91,'"stockItemId'":2925},{'"unitPrice'":179.90,'"thumbnail'":'"5ee61d2d0351c97df2d38793\/thumbnail'",'"recommendedRetailPrice'":142.91,'"stockItemId'":2922},{'"unitPrice'":179.90,'"thumbnail'":'"5ee61d430351c97df2d3879f\/thumbnail'",'"recommendedRetailPrice'":142.91,'"stockItemId'":2928}]"						f	t	Thet Lwin Oo	2020-06-14 04:48:57.804522	4395-01-31 16:00:00	4395-01-31 16:00:00	2336	1101	10747	1051
2598	Bamboo Cotton Sheet Set Queen Bed Gelato Mint	bamboo-cotton-sheet-set-queen-bed-gelato-mint	Canningvale Australia;Bamboo Cotton;Sheet Set	BAMBOOCOTTONSHEETSETQUEENBEDGELATOMINT6514	0	"[{'"unitPrice'":109.90,'"thumbnail'":'"5ee61d8d0351c97df2d387be\/thumbnail'",'"recommendedRetailPrice'":87.30,'"stockItemId'":2943}]"						f	t	Thet Lwin Oo	2020-06-14 04:48:58.138522	4395-01-31 16:00:00	4395-01-31 16:00:00	2347	1101	10747	1051
2652	Bamboo Cotton Sheet Set Single Bed Fresco Blue	bamboo-cotton-sheet-set-single-bed-fresco-blue	Canningvale Australia;Bamboo Cotton;Sheet Set	BAMBOOCOTTONSHEETSETSINGLEBEDFRESCOBLUE6968	0	"[{'"unitPrice'":89.90,'"thumbnail'":'"5ee61d9b0351c97df2d387c8\/thumbnail'",'"recommendedRetailPrice'":71.42,'"stockItemId'":2948}]"						f	t	Thet Lwin Oo	2020-06-14 04:48:58.295519	4395-01-31 16:00:00	4395-01-31 16:00:00	2401	1101	10747	1051
2658	Sogno Linen Cotton Pillowcase QCS Twin Pack Carrara White	sogno-linen-cotton-pillowcase-qcs-twin-pack-carrara-white	Canningvale Australia;Sogno Linen;Pillowcase	SOGNOLINENCOTTONPILLOWCASEQCSTWINPACKCARRARAWHITE3030	0	"[{'"unitPrice'":44.90,'"thumbnail'":'"5ee61db20351c97df2d387d4\/thumbnail'",'"recommendedRetailPrice'":35.67,'"stockItemId'":3004}]"						f	t	Thet Lwin Oo	2020-06-14 04:48:58.472521	4395-01-31 16:00:00	4395-01-31 16:00:00	2407	1101	10747	1051
2665	Sogno Linen Cotton Queen Sheet Set Tempesto Grey	sogno-linen-cotton-queen-sheet-set-tempesto-grey	Canningvale Australia;Sogno Linen;Sheet Set	SOGNOLINENCOTTONQUEENSHEETSETTEMPESTOGREY9447	0	"[{'"unitPrice'":134.90,'"thumbnail'":'"5ee61dd00351c97df2d387e0\/thumbnail'",'"recommendedRetailPrice'":107.16,'"stockItemId'":3010}]"						f	t	Thet Lwin Oo	2020-06-14 04:48:58.648519	4395-01-31 16:00:00	4395-01-31 16:00:00	2414	1101	10747	1051
2672	Sogno Linen Cotton King Sheet Set Legna Brown	sogno-linen-cotton-king-sheet-set-legna-brown	Canningvale Australia;Sogno Linen;Sheet Set	SOGNOLINENCOTTONKINGSHEETSETLEGNABROWN7724	0	"[{'"unitPrice'":144.90,'"thumbnail'":'"5ee61e120351c97df2d387f6\/thumbnail'",'"recommendedRetailPrice'":115.11,'"stockItemId'":3021}]"						f	t	Thet Lwin Oo	2020-06-14 04:48:58.817519	4395-01-31 16:00:00	4395-01-31 16:00:00	2422	1101	10747	1051
2678	Cinque Terre Single Quilt Cover Set	cinque-terre-single-quilt-cover-set	Canningvale Australia;Cinque Terre;Quilt Cover Set	CINQUETERRESINGLEQUILTCOVERSET6073	0	"[{'"unitPrice'":89.90,'"thumbnail'":'"5ee61e640351c97df2d3881d\/thumbnail'",'"recommendedRetailPrice'":71.42,'"stockItemId'":3039},{'"unitPrice'":89.90,'"thumbnail'":'"5ee61e500351c97df2d38812\/thumbnail'",'"recommendedRetailPrice'":71.42,'"stockItemId'":3035},{'"unitPrice'":89.90,'"thumbnail'":'"5ee61e530351c97df2d38814\/thumbnail'",'"recommendedRetailPrice'":71.42,'"stockItemId'":3036},{'"unitPrice'":89.90,'"thumbnail'":'"5ee61e590351c97df2d38819\/thumbnail'",'"recommendedRetailPrice'":71.42,'"stockItemId'":3037}]"						f	t	Thet Lwin Oo	2020-06-14 04:48:59.023522	4395-01-31 16:00:00	4395-01-31 16:00:00	2428	1101	10747	1051
2553	Blood Orange & Grapefruit Scented Soy Wax Candle	blood-orange-grapefruit-scented-soy-wax-candle	Canningvale Australia;Soy Wax Candle	BLOODORANGEGRAPEFRUITSCENTEDSOYWAXCANDLE2064	0	"[{'"unitPrice'":39.90,'"thumbnail'":'"5ee61b130351c97df2d386a3\/thumbnail'",'"recommendedRetailPrice'":31.70,'"stockItemId'":2705}]"						f	t	Thet Lwin Oo	2020-06-14 04:48:56.771531	4395-01-31 16:00:00	4395-01-31 16:00:00	2301	1101	10747	1051
2556	Toscana Waffle Blanket	toscana-waffle-blanket	Canningvale Australia;Toscana;Waffle Blanket	TOSCANAWAFFLEBLANKET6561	0	"[{'"unitPrice'":74.90,'"thumbnail'":'"5ee61b1c0351c97df2d386a7\/thumbnail'",'"recommendedRetailPrice'":59.50,'"stockItemId'":2707},{'"unitPrice'":74.90,'"thumbnail'":'"5ee61b250351c97df2d386ad\/thumbnail'",'"recommendedRetailPrice'":59.50,'"stockItemId'":2710},{'"unitPrice'":74.90,'"thumbnail'":'"5ee61b300351c97df2d386af\/thumbnail'",'"recommendedRetailPrice'":59.50,'"stockItemId'":2711}]"						f	t	Thet Lwin Oo	2020-06-14 04:48:56.769523	4395-01-31 16:00:00	4395-01-31 16:00:00	2302	1101	10747	1051
2567	Royal Splendour Bath Mat	royal-splendour-bath-mat	Canningvale Australia;Royal Splendour;Bath Mat	ROYALSPLENDOURBATHMAT9674	0	"[{'"unitPrice'":19.90,'"thumbnail'":'"5ee61bad0351c97df2d386e5\/thumbnail'",'"recommendedRetailPrice'":15.81,'"stockItemId'":2735},{'"unitPrice'":19.90,'"thumbnail'":'"5ee61bbd0351c97df2d386e9\/thumbnail'",'"recommendedRetailPrice'":15.81,'"stockItemId'":2737},{'"unitPrice'":19.90,'"thumbnail'":'"5ee61bc40351c97df2d386ef\/thumbnail'",'"recommendedRetailPrice'":15.81,'"stockItemId'":2740},{'"unitPrice'":19.90,'"thumbnail'":'"5ee61bd70351c97df2d386f4\/thumbnail'",'"recommendedRetailPrice'":15.81,'"stockItemId'":2742},{'"unitPrice'":19.90,'"thumbnail'":'"5ee61bba0351c97df2d386e7\/thumbnail'",'"recommendedRetailPrice'":15.81,'"stockItemId'":2736},{'"unitPrice'":19.90,'"thumbnail'":'"5ee61bcb0351c97df2d386f1\/thumbnail'",'"recommendedRetailPrice'":15.81,'"stockItemId'":2741},{'"unitPrice'":19.90,'"thumbnail'":'"5ee61bc20351c97df2d386ed\/thumbnail'",'"recommendedRetailPrice'":15.81,'"stockItemId'":2739},{'"unitPrice'":19.90,'"thumbnail'":'"5ee61bbf0351c97df2d386eb\/thumbnail'",'"recommendedRetailPrice'":15.81,'"stockItemId'":2738}]"						f	t	Thet Lwin Oo	2020-06-14 04:48:57.16752	4395-01-31 16:00:00	4395-01-31 16:00:00	2317	1101	10747	1051
2569	Egyptian Royale Face washer	egyptian-royale-face-washer	Canningvale Australia;Royal Splendour;Face Washer	EGYPTIANROYALEFACEWASHER3642	0	"[{'"unitPrice'":14.90,'"thumbnail'":'"5ee61c610351c97df2d38738\/thumbnail'",'"recommendedRetailPrice'":11.84,'"stockItemId'":2826},{'"unitPrice'":14.90,'"thumbnail'":'"5ee61c5b0351c97df2d38734\/thumbnail'",'"recommendedRetailPrice'":11.84,'"stockItemId'":2824},{'"unitPrice'":14.90,'"thumbnail'":'"5ee61c570351c97df2d38732\/thumbnail'",'"recommendedRetailPrice'":11.84,'"stockItemId'":2823},{'"unitPrice'":14.90,'"thumbnail'":'"5ee61c630351c97df2d3873a\/thumbnail'",'"recommendedRetailPrice'":11.84,'"stockItemId'":2827}]"						f	t	Thet Lwin Oo	2020-06-14 04:48:57.313519	4395-01-31 16:00:00	4395-01-31 16:00:00	2320	1101	10747	1051
2682	Cinque Terre Queen Quilt Cover Set	cinque-terre-queen-quilt-cover-set	Canningvale Australia;Cinque Terre;Quilt Cover Set	CINQUETERREQUEENQUILTCOVERSET2755	0	"[{'"unitPrice'":109.90,'"thumbnail'":'"5ee61ea30351c97df2d38835\/thumbnail'",'"recommendedRetailPrice'":87.30,'"stockItemId'":3101},{'"unitPrice'":109.90,'"thumbnail'":'"5ee61ea90351c97df2d38837\/thumbnail'",'"recommendedRetailPrice'":87.30,'"stockItemId'":3102},{'"unitPrice'":109.90,'"thumbnail'":'"5ee61e900351c97df2d3882d\/thumbnail'",'"recommendedRetailPrice'":87.30,'"stockItemId'":3047},{'"unitPrice'":109.90,'"thumbnail'":'"5ee61ec20351c97df2d3883b\/thumbnail'",'"recommendedRetailPrice'":87.30,'"stockItemId'":3104},{'"unitPrice'":109.90,'"thumbnail'":'"5ee61e980351c97df2d38831\/thumbnail'",'"recommendedRetailPrice'":87.30,'"stockItemId'":3049},{'"unitPrice'":109.90,'"thumbnail'":'"5ee61eab0351c97df2d38839\/thumbnail'",'"recommendedRetailPrice'":87.30,'"stockItemId'":3103}]"						f	t	Thet Lwin Oo	2020-06-14 04:48:59.197524	4395-01-31 16:00:00	4395-01-31 16:00:00	2431	1101	10747	1051
2579	Penthouse Suite 6 Piece Set	penthouse-suite-6-piece-set	Canningvale Australia;Penthouse Suite;Towel Set	PENTHOUSESUITE6PIECESET9415	0	"[{'"unitPrice'":69.90,'"thumbnail'":'"5ee61cf20351c97df2d38775\/thumbnail'",'"recommendedRetailPrice'":55.53,'"stockItemId'":2907},{'"unitPrice'":69.90,'"thumbnail'":'"5ee61ce80351c97df2d3876d\/thumbnail'",'"recommendedRetailPrice'":55.53,'"stockItemId'":2903},{'"unitPrice'":69.90,'"thumbnail'":'"5ee61cf00351c97df2d38773\/thumbnail'",'"recommendedRetailPrice'":55.53,'"stockItemId'":2906},{'"unitPrice'":69.90,'"thumbnail'":'"5ee61cea0351c97df2d3876f\/thumbnail'",'"recommendedRetailPrice'":55.53,'"stockItemId'":2904}]"						f	t	Thet Lwin Oo	2020-06-14 04:48:57.50952	4395-01-31 16:00:00	4395-01-31 16:00:00	2330	1101	10747	1051
2563	Royal Splendour Hand Towel	royal-splendour-hand-towel	Canningvale Australia;Royal Splendour;Hand Towel	ROYALSPLENDOURHANDTOWEL2806	0	"[{'"unitPrice'":16.90,'"thumbnail'":'"5ee61b850351c97df2d386d1\/thumbnail'",'"recommendedRetailPrice'":13.43,'"stockItemId'":2725},{'"unitPrice'":16.90,'"thumbnail'":'"5ee61b750351c97df2d386ca\/thumbnail'",'"recommendedRetailPrice'":13.43,'"stockItemId'":2723},{'"unitPrice'":16.90,'"thumbnail'":'"5ee61b870351c97df2d386d3\/thumbnail'",'"recommendedRetailPrice'":13.43,'"stockItemId'":2726},{'"unitPrice'":16.90,'"thumbnail'":'"5ee61b6d0351c97df2d386c6\/thumbnail'",'"recommendedRetailPrice'":13.43,'"stockItemId'":2721},{'"unitPrice'":16.90,'"thumbnail'":'"5ee61b8a0351c97df2d386d5\/thumbnail'",'"recommendedRetailPrice'":13.43,'"stockItemId'":2727},{'"unitPrice'":16.90,'"thumbnail'":'"5ee61b820351c97df2d386cf\/thumbnail'",'"recommendedRetailPrice'":13.43,'"stockItemId'":2724}]"						f	t	Thet Lwin Oo	2020-06-14 04:48:57.132519	4395-01-31 16:00:00	4395-01-31 16:00:00	2315	1101	10747	1051
2551	Luxury Cotton Velour Beach Towel	luxury-cotton-velour-beach-towel	Canningvale Australia;Luxury Cotton Velour;Beach Towel	LUXURYCOTTONVELOURBEACHTOWEL4198	0	"[{'"unitPrice'":29.90,'"thumbnail'":'"5ee61b1f0351c97df2d386a9\/thumbnail'",'"recommendedRetailPrice'":23.75,'"stockItemId'":2708},{'"unitPrice'":29.90,'"thumbnail'":'"5ee61b360351c97df2d386b3\/thumbnail'",'"recommendedRetailPrice'":23.75,'"stockItemId'":2713},{'"unitPrice'":29.90,'"thumbnail'":'"5ee61b220351c97df2d386ab\/thumbnail'",'"recommendedRetailPrice'":23.75,'"stockItemId'":2709}]"						f	t	Thet Lwin Oo	2020-06-14 04:48:56.769523	4395-01-31 16:00:00	4395-01-31 16:00:00	2306	1101	10747	1051
2558	Royal Splendour 6 Piece Towel Set Angora Wheat	royal-splendour-6-piece-towel-set-angora-wheat	Canningvale Australia;Royal Splendour;Towel Set	ROYALSPLENDOUR6PIECETOWELSETANGORAWHEAT252	0	"[{'"unitPrice'":74.90,'"thumbnail'":'"5ee61b420351c97df2d386b9\/thumbnail'",'"recommendedRetailPrice'":59.50,'"stockItemId'":2716}]"						f	t	Thet Lwin Oo	2020-06-14 04:48:56.976522	4395-01-31 16:00:00	4395-01-31 16:00:00	2309	1101	10747	1051
2565	Royal Splendour Face Washer	royal-splendour-face-washer	Canningvale Australia;Royal Splendour;Face Washer	ROYALSPLENDOURFACEWASHER3203	0	"[{'"unitPrice'":12.90,'"thumbnail'":'"5ee61c260351c97df2d38712\/thumbnail'",'"recommendedRetailPrice'":10.25,'"stockItemId'":2807},{'"unitPrice'":12.90,'"thumbnail'":'"5ee61c3e0351c97df2d38722\/thumbnail'",'"recommendedRetailPrice'":10.25,'"stockItemId'":2815},{'"unitPrice'":12.90,'"thumbnail'":'"5ee61c280351c97df2d38714\/thumbnail'",'"recommendedRetailPrice'":10.25,'"stockItemId'":2808},{'"unitPrice'":12.90,'"thumbnail'":'"5ee61c340351c97df2d3871a\/thumbnail'",'"recommendedRetailPrice'":10.25,'"stockItemId'":2811},{'"unitPrice'":12.90,'"thumbnail'":'"5ee61c2a0351c97df2d38716\/thumbnail'",'"recommendedRetailPrice'":10.25,'"stockItemId'":2809},{'"unitPrice'":12.90,'"thumbnail'":'"5ee61c2d0351c97df2d38718\/thumbnail'",'"recommendedRetailPrice'":10.25,'"stockItemId'":2810},{'"unitPrice'":12.90,'"thumbnail'":'"5ee61c240351c97df2d38710\/thumbnail'",'"recommendedRetailPrice'":10.25,'"stockItemId'":2806},{'"unitPrice'":12.90,'"thumbnail'":'"5ee61c1d0351c97df2d3870c\/thumbnail'",'"recommendedRetailPrice'":10.25,'"stockItemId'":2804},{'"unitPrice'":12.90,'"thumbnail'":'"5ee61c380351c97df2d3871e\/thumbnail'",'"recommendedRetailPrice'":10.25,'"stockItemId'":2813}]"						f	t	Thet Lwin Oo	2020-06-14 04:48:57.16052	4395-01-31 16:00:00	4395-01-31 16:00:00	2316	1101	10747	1051
2589	Bamboo Cotton Quilt Cover Set Queen Bed Fresco Blue	bamboo-cotton-quilt-cover-set-queen-bed-fresco-blue	Canningvale Australia;Bamboo Cotton;Quilt Cover Set	BAMBOOCOTTONQUILTCOVERSETQUEENBEDFRESCOBLUE296	0	"[{'"unitPrice'":99.90,'"thumbnail'":'"5ee61d580351c97df2d387a7\/thumbnail'",'"recommendedRetailPrice'":79.36,'"stockItemId'":2932}]"						f	t	Thet Lwin Oo	2020-06-14 04:48:57.95452	4395-01-31 16:00:00	4395-01-31 16:00:00	2339	1101	10747	1051
2578	Egyptian Royale Bath Mat	egyptian-royale-bath-mat	Canningvale Australia;Royal Splendour;Bath Mat	EGYPTIANROYALEBATHMAT4178	0	"[{'"unitPrice'":24.90,'"thumbnail'":'"5ee61cb80351c97df2d3875c\/thumbnail'",'"recommendedRetailPrice'":19.78,'"stockItemId'":2845},{'"unitPrice'":24.90,'"thumbnail'":'"5ee61cbb0351c97df2d3875e\/thumbnail'",'"recommendedRetailPrice'":19.78,'"stockItemId'":2846},{'"unitPrice'":24.90,'"thumbnail'":'"5ee61cc20351c97df2d38760\/thumbnail'",'"recommendedRetailPrice'":19.78,'"stockItemId'":2847},{'"unitPrice'":24.90,'"thumbnail'":'"5ee61ccf0351c97df2d38765\/thumbnail'",'"recommendedRetailPrice'":19.78,'"stockItemId'":2848},{'"unitPrice'":24.90,'"thumbnail'":'"5ee61ca30351c97df2d38752\/thumbnail'",'"recommendedRetailPrice'":19.78,'"stockItemId'":2840},{'"unitPrice'":24.90,'"thumbnail'":'"5ee61ccc0351c97df2d38762\/thumbnail'",'"recommendedRetailPrice'":19.78,'"stockItemId'":2849}]"						f	t	Thet Lwin Oo	2020-06-14 04:48:57.506521	4395-01-31 16:00:00	4395-01-31 16:00:00	2328	1101	10747	1051
2588	Bamboo Cotton Quilt Cover Set Single Bed Perla Grey	bamboo-cotton-quilt-cover-set-single-bed-perla-grey	Canningvale Australia;Bamboo Cotton;Quilt Cover Set	BAMBOOCOTTONQUILTCOVERSETSINGLEBEDPERLAGREY1325	0	"[{'"unitPrice'":79.90,'"thumbnail'":'"5ee61d650351c97df2d387ae\/thumbnail'",'"recommendedRetailPrice'":63.47,'"stockItemId'":2934}]"						f	t	Thet Lwin Oo	2020-06-14 04:48:57.95452	4395-01-31 16:00:00	4395-01-31 16:00:00	2338	1101	10747	1051
2597	Bamboo Cotton Sheet Set Single Bed Gelato Mint	bamboo-cotton-sheet-set-single-bed-gelato-mint	Canningvale Australia;Bamboo Cotton;Sheet Set	BAMBOOCOTTONSHEETSETSINGLEBEDGELATOMINT4594	0	"[{'"unitPrice'":89.90,'"thumbnail'":'"5ee61d880351c97df2d387ba\/thumbnail'",'"recommendedRetailPrice'":71.42,'"stockItemId'":2941}]"						f	t	Thet Lwin Oo	2020-06-14 04:48:58.131521	4395-01-31 16:00:00	4395-01-31 16:00:00	2345	1101	10747	1051
2651	Bamboo Cotton Sheet Set Queen Bed Fresco Blue	bamboo-cotton-sheet-set-queen-bed-fresco-blue	Canningvale Australia;Bamboo Cotton;Sheet Set	BAMBOOCOTTONSHEETSETQUEENBEDFRESCOBLUE7933	0	"[{'"unitPrice'":109.90,'"thumbnail'":'"5ee61d990351c97df2d387c6\/thumbnail'",'"recommendedRetailPrice'":87.30,'"stockItemId'":2947}]"						f	t	Thet Lwin Oo	2020-06-14 04:48:58.293521	4395-01-31 16:00:00	4395-01-31 16:00:00	2349	1101	10747	1051
2657	Sogno Linen Cotton Queen Quilt Cover Set Indigo Blue	sogno-linen-cotton-queen-quilt-cover-set-indigo-blue	Canningvale Australia;Sogno Linen;Quilt Cover Set	SOGNOLINENCOTTONQUEENQUILTCOVERSETINDIGOBLUE6774	0	"[{'"unitPrice'":119.90,'"thumbnail'":'"5ee61da30351c97df2d387cc\/thumbnail'",'"recommendedRetailPrice'":95.25,'"stockItemId'":2950}]"						f	t	Thet Lwin Oo	2020-06-14 04:48:58.448548	4395-01-31 16:00:00	4395-01-31 16:00:00	2406	1101	10747	1051
2670	Sogno Linen Cotton Queen Sheet Set Indigo Blue	sogno-linen-cotton-queen-sheet-set-indigo-blue	Canningvale Australia;Sogno Linen;Sheet Set	SOGNOLINENCOTTONQUEENSHEETSETINDIGOBLUE8124	0	"[{'"unitPrice'":134.90,'"thumbnail'":'"5ee61ddd0351c97df2d387e6\/thumbnail'",'"recommendedRetailPrice'":107.16,'"stockItemId'":3013}]"						f	t	Thet Lwin Oo	2020-06-14 04:48:58.813532	4395-01-31 16:00:00	4395-01-31 16:00:00	2419	1101	10747	1051
2681	Cinque Terre King Quilt Cover Set	cinque-terre-king-quilt-cover-set	Canningvale Australia;Cinque Terre;Quilt Cover Set	CINQUETERREKINGQUILTCOVERSET4303	0	"[{'"unitPrice'":119.90,'"thumbnail'":'"5ee61e770351c97df2d38821\/thumbnail'",'"recommendedRetailPrice'":95.25,'"stockItemId'":3041},{'"unitPrice'":119.90,'"thumbnail'":'"5ee61e820351c97df2d38825\/thumbnail'",'"recommendedRetailPrice'":95.25,'"stockItemId'":3043}]"						f	t	Thet Lwin Oo	2020-06-14 04:48:59.175527	4395-01-31 16:00:00	4395-01-31 16:00:00	2432	1101	10747	1051
2679	Palazzo Royale 1000TC King Quilt Cover Set	palazzo-royale-1000tc-king-quilt-cover-set	Canningvale Australia;Palazzo Royale 1000TC;Quilt Cover Set	PALAZZOROYALE1000TCKINGQUILTCOVERSET6629	0	"[{'"unitPrice'":159.90,'"thumbnail'":'"5ee61e940351c97df2d3882f\/thumbnail'",'"recommendedRetailPrice'":127.02,'"stockItemId'":3048},{'"unitPrice'":159.90,'"thumbnail'":'"5ee61e9e0351c97df2d38833\/thumbnail'",'"recommendedRetailPrice'":127.02,'"stockItemId'":3050},{'"unitPrice'":159.90,'"thumbnail'":'"5ee61e890351c97df2d3882b\/thumbnail'",'"recommendedRetailPrice'":127.02,'"stockItemId'":3046}]"						f	t	Thet Lwin Oo	2020-06-14 04:48:59.17352	4395-01-31 16:00:00	4395-01-31 16:00:00	2430	1101	10747	1051
2566	Royal Splendour Bath Towel	royal-splendour-bath-towel	Canningvale Australia;Royal Splendour;Bath Towel	ROYALSPLENDOURBATHTOWEL7567	0	"[{'"unitPrice'":24.90,'"thumbnail'":'"5ee61c0d0351c97df2d38702\/thumbnail'",'"recommendedRetailPrice'":19.78,'"stockItemId'":2749},{'"unitPrice'":24.90,'"thumbnail'":'"5ee61c010351c97df2d386fe\/thumbnail'",'"recommendedRetailPrice'":19.78,'"stockItemId'":2747},{'"unitPrice'":24.90,'"thumbnail'":'"5ee61c100351c97df2d38704\/thumbnail'",'"recommendedRetailPrice'":19.78,'"stockItemId'":2750},{'"unitPrice'":24.90,'"thumbnail'":'"5ee61c1b0351c97df2d3870a\/thumbnail'",'"recommendedRetailPrice'":19.78,'"stockItemId'":2803},{'"unitPrice'":24.90,'"thumbnail'":'"5ee61c210351c97df2d3870e\/thumbnail'",'"recommendedRetailPrice'":19.78,'"stockItemId'":2805},{'"unitPrice'":24.90,'"thumbnail'":'"5ee61bf20351c97df2d386f8\/thumbnail'",'"recommendedRetailPrice'":19.78,'"stockItemId'":2744},{'"unitPrice'":24.90,'"thumbnail'":'"5ee61bec0351c97df2d386f6\/thumbnail'",'"recommendedRetailPrice'":19.78,'"stockItemId'":2743},{'"unitPrice'":24.90,'"thumbnail'":'"5ee61c160351c97df2d38706\/thumbnail'",'"recommendedRetailPrice'":19.78,'"stockItemId'":2801},{'"unitPrice'":24.90,'"thumbnail'":'"5ee61c040351c97df2d38700\/thumbnail'",'"recommendedRetailPrice'":19.78,'"stockItemId'":2748},{'"unitPrice'":24.90,'"thumbnail'":'"5ee61bf50351c97df2d386fa\/thumbnail'",'"recommendedRetailPrice'":19.78,'"stockItemId'":2745},{'"unitPrice'":24.90,'"thumbnail'":'"5ee61bf70351c97df2d386fc\/thumbnail'",'"recommendedRetailPrice'":19.78,'"stockItemId'":2746},{'"unitPrice'":24.90,'"thumbnail'":'"5ee61c190351c97df2d38708\/thumbnail'",'"recommendedRetailPrice'":19.78,'"stockItemId'":2802}]"						f	t	Thet Lwin Oo	2020-06-14 04:48:57.16752	4395-01-31 16:00:00	4395-01-31 16:00:00	2314	1101	10747	1051
2676	Palazzo Royale 1000TC Queen Quilt Cover Set	palazzo-royale-1000tc-queen-quilt-cover-set	Canningvale Australia;Palazzo Royale 1000TC;Quilt Cover Set	PALAZZOROYALE1000TCQUEENQUILTCOVERSET2595	0	"[{'"unitPrice'":139.90,'"thumbnail'":'"5ee61e2a0351c97df2d38802\/thumbnail'",'"recommendedRetailPrice'":111.14,'"stockItemId'":3027},{'"unitPrice'":139.90,'"thumbnail'":'"5ee61e280351c97df2d38800\/thumbnail'",'"recommendedRetailPrice'":111.14,'"stockItemId'":3026},{'"unitPrice'":139.90,'"thumbnail'":'"5ee61e160351c97df2d387fa\/thumbnail'",'"recommendedRetailPrice'":111.14,'"stockItemId'":3023},{'"unitPrice'":139.90,'"thumbnail'":'"5ee61e240351c97df2d387fe\/thumbnail'",'"recommendedRetailPrice'":111.14,'"stockItemId'":3025}]"						f	t	Thet Lwin Oo	2020-06-14 04:48:58.990543	4395-01-31 16:00:00	4395-01-31 16:00:00	2427	1101	10747	1051
2674	Palazzo Royale 1000TC Single Sheet Set	palazzo-royale-1000tc-single-sheet-set	Canningvale Australia;Palazzo Royale 1000TC;Sheet Set	PALAZZOROYALE1000TCSINGLESHEETSET3271	0	"[{'"unitPrice'":109.90,'"thumbnail'":'"5ee61e480351c97df2d3880e\/thumbnail'",'"recommendedRetailPrice'":87.30,'"stockItemId'":3033},{'"unitPrice'":109.90,'"thumbnail'":'"5ee61e4a0351c97df2d38810\/thumbnail'",'"recommendedRetailPrice'":87.30,'"stockItemId'":3034},{'"unitPrice'":109.90,'"thumbnail'":'"5ee61e2b0351c97df2d38804\/thumbnail'",'"recommendedRetailPrice'":87.30,'"stockItemId'":3028},{'"unitPrice'":109.90,'"thumbnail'":'"5ee61e350351c97df2d38806\/thumbnail'",'"recommendedRetailPrice'":87.30,'"stockItemId'":3029}]"						f	t	Thet Lwin Oo	2020-06-14 04:48:58.985518	4395-01-31 16:00:00	4395-01-31 16:00:00	2425	1101	10747	1051
2571	Egyptian Royale Bath towel	egyptian-royale-bath-towel	Canningvale Australia;Royal Splendour;Bath Towel	EGYPTIANROYALEBATHTOWEL6102	0	"[{'"unitPrice'":34.90,'"thumbnail'":'"5ee61c4d0351c97df2d3872c\/thumbnail'",'"recommendedRetailPrice'":27.72,'"stockItemId'":2820},{'"unitPrice'":34.90,'"thumbnail'":'"5ee61c5d0351c97df2d38736\/thumbnail'",'"recommendedRetailPrice'":27.72,'"stockItemId'":2825},{'"unitPrice'":34.90,'"thumbnail'":'"5ee61c530351c97df2d3872e\/thumbnail'",'"recommendedRetailPrice'":27.72,'"stockItemId'":2821},{'"unitPrice'":34.90,'"thumbnail'":'"5ee61c480351c97df2d38728\/thumbnail'",'"recommendedRetailPrice'":27.72,'"stockItemId'":2818},{'"unitPrice'":34.90,'"thumbnail'":'"5ee61c410351c97df2d38724\/thumbnail'",'"recommendedRetailPrice'":27.72,'"stockItemId'":2816},{'"unitPrice'":34.90,'"thumbnail'":'"5ee61c4a0351c97df2d3872a\/thumbnail'",'"recommendedRetailPrice'":27.72,'"stockItemId'":2819},{'"unitPrice'":34.90,'"thumbnail'":'"5ee61c550351c97df2d38730\/thumbnail'",'"recommendedRetailPrice'":27.72,'"stockItemId'":2822}]"						f	t	Thet Lwin Oo	2020-06-14 04:48:57.314519	4395-01-31 16:00:00	4395-01-31 16:00:00	2323	1101	10747	1051
2582	Riviera Bath Towel	riviera-bath-towel	Canningvale Australia;Riveira;Bath Towel	RIVIERABATHTOWEL5472	0	"[{'"unitPrice'":34.90,'"thumbnail'":'"5ee61d150351c97df2d38785\/thumbnail'",'"recommendedRetailPrice'":27.72,'"stockItemId'":2915},{'"unitPrice'":34.90,'"thumbnail'":'"5ee61d1b0351c97df2d38789\/thumbnail'",'"recommendedRetailPrice'":27.72,'"stockItemId'":2917},{'"unitPrice'":34.90,'"thumbnail'":'"5ee61d2f0351c97df2d38795\/thumbnail'",'"recommendedRetailPrice'":27.72,'"stockItemId'":2923},{'"unitPrice'":34.90,'"thumbnail'":'"5ee61d230351c97df2d3878f\/thumbnail'",'"recommendedRetailPrice'":27.72,'"stockItemId'":2920}]"						f	t	Thet Lwin Oo	2020-06-14 04:48:57.769521	4395-01-31 16:00:00	4395-01-31 16:00:00	2332	1101	10747	1051
2599	Bamboo Cotton Sheet Set Queen Bed Rosa Gold	bamboo-cotton-sheet-set-queen-bed-rosa-gold	Canningvale Australia;Bamboo Cotton;Sheet Set	BAMBOOCOTTONSHEETSETQUEENBEDROSAGOLD2318	0	"[{'"unitPrice'":109.90,'"thumbnail'":'"5ee61d920351c97df2d387c2\/thumbnail'",'"recommendedRetailPrice'":87.30,'"stockItemId'":2945}]"						f	t	Thet Lwin Oo	2020-06-14 04:48:58.290521	4395-01-31 16:00:00	4395-01-31 16:00:00	2350	1101	10747	1051
2661	Sogno Linen Cotton King Quilt Cover Set Amore Blush	sogno-linen-cotton-king-quilt-cover-set-amore-blush	Canningvale Australia;Sogno Linen;Quilt Cover Set	SOGNOLINENCOTTONKINGQUILTCOVERSETAMOREBLUSH160	0	"[{'"unitPrice'":129.90,'"thumbnail'":'"5ee61db80351c97df2d387d8\/thumbnail'",'"recommendedRetailPrice'":103.19,'"stockItemId'":3006}]"						f	t	Thet Lwin Oo	2020-06-14 04:48:58.62253	4395-01-31 16:00:00	4395-01-31 16:00:00	2411	1101	10747	1051
2677	Palazzo Royale 1000TC King Sheet Set	palazzo-royale-1000tc-king-sheet-set	Canningvale Australia;Palazzo Royale 1000TC;Sheet Set	PALAZZOROYALE1000TCKINGSHEETSET412	0	"[{'"unitPrice'":169.90,'"thumbnail'":'"5ee61e400351c97df2d3880a\/thumbnail'",'"recommendedRetailPrice'":134.97,'"stockItemId'":3031},{'"unitPrice'":169.90,'"thumbnail'":'"5ee61e670351c97df2d3881f\/thumbnail'",'"recommendedRetailPrice'":134.97,'"stockItemId'":3040},{'"unitPrice'":169.90,'"thumbnail'":'"5ee61e450351c97df2d3880c\/thumbnail'",'"recommendedRetailPrice'":134.97,'"stockItemId'":3032},{'"unitPrice'":169.90,'"thumbnail'":'"5ee61e5b0351c97df2d3881b\/thumbnail'",'"recommendedRetailPrice'":134.97,'"stockItemId'":3038},{'"unitPrice'":169.90,'"thumbnail'":'"5ee61e390351c97df2d38808\/thumbnail'",'"recommendedRetailPrice'":134.97,'"stockItemId'":3030}]"						f	t	Thet Lwin Oo	2020-06-14 04:48:59.018523	4395-01-31 16:00:00	4395-01-31 16:00:00	2426	1101	10747	1051
2663	Sogno Linen Cotton King Quilt Cover Set Indigo Blue	sogno-linen-cotton-king-quilt-cover-set-indigo-blue	Canningvale Australia;Sogno Linen;Quilt Cover Set	SOGNOLINENCOTTONKINGQUILTCOVERSETINDIGOBLUE169	0	"[{'"unitPrice'":129.90,'"thumbnail'":'"5ee61dcc0351c97df2d387de\/thumbnail'",'"recommendedRetailPrice'":103.19,'"stockItemId'":3009}]"						f	t	Thet Lwin Oo	2020-06-14 04:48:58.630521	4395-01-31 16:00:00	4395-01-31 16:00:00	2413	1101	10747	1051
2668	Sogno Linen Cotton King Sheet Set Tempesto Grey	sogno-linen-cotton-king-sheet-set-tempesto-grey	Canningvale Australia;Sogno Linen;Sheet Set	SOGNOLINENCOTTONKINGSHEETSETTEMPESTOGREY4650	0	"[{'"unitPrice'":144.90,'"thumbnail'":'"5ee61de20351c97df2d387ea\/thumbnail'",'"recommendedRetailPrice'":115.11,'"stockItemId'":3015}]"						f	t	Thet Lwin Oo	2020-06-14 04:48:58.808519	4395-01-31 16:00:00	4395-01-31 16:00:00	2418	1101	10747	1051
2554	White Tea & Lychee Scented Soy Wax Candle	white-tea-lychee-scented-soy-wax-candle	Canningvale Australia;Soy Wax Candle	WHITETEALYCHEESCENTEDSOYWAXCANDLE2235	0	"[{'"unitPrice'":39.90,'"thumbnail'":'"5ee61b100351c97df2d386a1\/thumbnail'",'"recommendedRetailPrice'":31.70,'"stockItemId'":2704}]"						f	t	Thet Lwin Oo	2020-06-14 04:48:56.769523	4395-01-31 16:00:00	4395-01-31 16:00:00	2304	1101	10747	1051
2561	Royal Splendour 3 Piece Towel Set	royal-splendour-3-piece-towel-set	Canningvale Australia;Royal Splendour;Towel Set	ROYALSPLENDOUR3PIECETOWELSET5064	0	"[{'"unitPrice'":39.90,'"thumbnail'":'"5ee61b4f0351c97df2d386c1\/thumbnail'",'"recommendedRetailPrice'":31.70,'"stockItemId'":2720}]"						f	t	Thet Lwin Oo	2020-06-14 04:48:56.982521	4395-01-31 16:00:00	4395-01-31 16:00:00	2312	1101	10747	1051
2564	Royal Splendour Bath Sheet	royal-splendour-bath-sheet	Canningvale Australia;Royal Splendour;Bath Sheet	ROYALSPLENDOURBATHSHEET9952	0	"[{'"unitPrice'":29.90,'"thumbnail'":'"5ee61ba60351c97df2d386df\/thumbnail'",'"recommendedRetailPrice'":23.75,'"stockItemId'":2732},{'"unitPrice'":29.90,'"thumbnail'":'"5ee61b930351c97df2d386d9\/thumbnail'",'"recommendedRetailPrice'":23.75,'"stockItemId'":2729},{'"unitPrice'":29.90,'"thumbnail'":'"5ee61ba80351c97df2d386e1\/thumbnail'",'"recommendedRetailPrice'":23.75,'"stockItemId'":2733},{'"unitPrice'":29.90,'"thumbnail'":'"5ee61b8c0351c97df2d386d7\/thumbnail'",'"recommendedRetailPrice'":23.75,'"stockItemId'":2728},{'"unitPrice'":29.90,'"thumbnail'":'"5ee61b9d0351c97df2d386dd\/thumbnail'",'"recommendedRetailPrice'":23.75,'"stockItemId'":2731},{'"unitPrice'":29.90,'"thumbnail'":'"5ee61b960351c97df2d386db\/thumbnail'",'"recommendedRetailPrice'":23.75,'"stockItemId'":2730},{'"unitPrice'":29.90,'"thumbnail'":'"5ee61bab0351c97df2d386e3\/thumbnail'",'"recommendedRetailPrice'":23.75,'"stockItemId'":2734}]"						f	t	Thet Lwin Oo	2020-06-14 04:48:57.133523	4395-01-31 16:00:00	4395-01-31 16:00:00	2313	1101	10747	1051
2570	Egyptian Royale 4 Piece Pack	egyptian-royale-4-piece-pack	Canningvale Australia;Royal Splendour;Towel Set	EGYPTIANROYALE4PIECEPACK4456	0	"[{'"unitPrice'":79.90,'"thumbnail'":'"5ee61c7e0351c97df2d38740\/thumbnail'",'"recommendedRetailPrice'":63.47,'"stockItemId'":2830},{'"unitPrice'":79.90,'"thumbnail'":'"5ee61c700351c97df2d3873c\/thumbnail'",'"recommendedRetailPrice'":63.47,'"stockItemId'":2828},{'"unitPrice'":79.90,'"thumbnail'":'"5ee61c7c0351c97df2d3873e\/thumbnail'",'"recommendedRetailPrice'":63.47,'"stockItemId'":2829}]"						f	t	Thet Lwin Oo	2020-06-14 04:48:57.313519	4395-01-31 16:00:00	4395-01-31 16:00:00	2319	1101	10747	1051
2591	Bamboo Cotton Quilt Cover Set Single Bed Fresco Blue	bamboo-cotton-quilt-cover-set-single-bed-fresco-blue	Canningvale Australia;Bamboo Cotton;Quilt Cover Set	BAMBOOCOTTONQUILTCOVERSETSINGLEBEDFRESCOBLUE988	0	"[{'"unitPrice'":79.90,'"thumbnail'":'"5ee61d6a0351c97df2d387b2\/thumbnail'",'"recommendedRetailPrice'":63.47,'"stockItemId'":2937}]"						f	t	Thet Lwin Oo	2020-06-14 04:48:57.960521	4395-01-31 16:00:00	4395-01-31 16:00:00	2340	1101	10747	1051
2596	Bamboo Cotton Sheet Set Single Bed Perla Grey	bamboo-cotton-sheet-set-single-bed-perla-grey	Canningvale Australia;Bamboo Cotton;Sheet Set	BAMBOOCOTTONSHEETSETSINGLEBEDPERLAGREY5605	0	"[{'"unitPrice'":89.90,'"thumbnail'":'"5ee61d8b0351c97df2d387bc\/thumbnail'",'"recommendedRetailPrice'":71.42,'"stockItemId'":2942}]"						f	t	Thet Lwin Oo	2020-06-14 04:48:58.130521	4395-01-31 16:00:00	4395-01-31 16:00:00	2348	1101	10747	1051
2576	Riviera 6 Piece Set	riviera-6-piece-set	Canningvale Australia;Riveira;Towel Set	RIVIERA6PIECESET2727	0	"[{'"unitPrice'":95.90,'"thumbnail'":'"5ee61cec0351c97df2d38771\/thumbnail'",'"recommendedRetailPrice'":76.18,'"stockItemId'":2905},{'"unitPrice'":95.90,'"thumbnail'":'"5ee61ce60351c97df2d3876b\/thumbnail'",'"recommendedRetailPrice'":76.18,'"stockItemId'":2902}]"						f	t	Thet Lwin Oo	2020-06-14 04:48:57.504519	4395-01-31 16:00:00	4395-01-31 16:00:00	2327	1101	10747	1051
2586	Amalfitana 7 Piece Towel Set	amalfitana-7-piece-towel-set	Canningvale Australia;Amalfitana;Towel Set	AMALFITANA7PIECETOWELSET3554	0	"[{'"unitPrice'":79.90,'"thumbnail'":'"5ee61d410351c97df2d3879d\/thumbnail'",'"recommendedRetailPrice'":63.47,'"stockItemId'":2927},{'"unitPrice'":79.90,'"thumbnail'":'"5ee61d3e0351c97df2d3879b\/thumbnail'",'"recommendedRetailPrice'":63.47,'"stockItemId'":2926},{'"unitPrice'":79.90,'"thumbnail'":'"5ee61d550351c97df2d387a5\/thumbnail'",'"recommendedRetailPrice'":63.47,'"stockItemId'":2931},{'"unitPrice'":79.90,'"thumbnail'":'"5ee61d4e0351c97df2d387a3\/thumbnail'",'"recommendedRetailPrice'":63.47,'"stockItemId'":2930},{'"unitPrice'":79.90,'"thumbnail'":'"5ee61d4a0351c97df2d387a1\/thumbnail'",'"recommendedRetailPrice'":63.47,'"stockItemId'":2929}]"						f	t	Thet Lwin Oo	2020-06-14 04:48:57.809519	4395-01-31 16:00:00	4395-01-31 16:00:00	2334	1101	10747	1051
2654	Bamboo Cotton Sheet Set King Bed Perla Grey	bamboo-cotton-sheet-set-king-bed-perla-grey	Canningvale Australia;Bamboo Cotton;Sheet Set	BAMBOOCOTTONSHEETSETKINGBEDPERLAGREY3407	0	"[{'"unitPrice'":119.90,'"thumbnail'":'"5ee61dad0351c97df2d387d0\/thumbnail'",'"recommendedRetailPrice'":95.25,'"stockItemId'":3002}]"						f	t	Thet Lwin Oo	2020-06-14 04:48:58.315519	4395-01-31 16:00:00	4395-01-31 16:00:00	2404	1101	10747	1051
2660	Sogno Linen Cotton Queen Quilt Cover Set Tempesto Grey	sogno-linen-cotton-queen-quilt-cover-set-tempesto-grey	Canningvale Australia;Sogno Linen;Quilt Cover Set	SOGNOLINENCOTTONQUEENQUILTCOVERSETTEMPESTOGREY478	0	"[{'"unitPrice'":119.90,'"thumbnail'":'"5ee61db50351c97df2d387d6\/thumbnail'",'"recommendedRetailPrice'":95.25,'"stockItemId'":3005}]"						f	t	Thet Lwin Oo	2020-06-14 04:48:58.480522	4395-01-31 16:00:00	4395-01-31 16:00:00	2410	1101	10747	1051
2664	Sogno Linen Cotton King Quilt Cover Set Tempesto Grey	sogno-linen-cotton-king-quilt-cover-set-tempesto-grey	Canningvale Australia;Sogno Linen;Quilt Cover Set	SOGNOLINENCOTTONKINGQUILTCOVERSETTEMPESTOGREY1801	0	"[{'"unitPrice'":129.90,'"thumbnail'":'"5ee61dc90351c97df2d387dc\/thumbnail'",'"recommendedRetailPrice'":103.19,'"stockItemId'":3008}]"						f	t	Thet Lwin Oo	2020-06-14 04:48:58.630521	4395-01-31 16:00:00	4395-01-31 16:00:00	2415	1101	10747	1051
2669	Sogno Linen Cotton Queen Sheet Set Legna Brown	sogno-linen-cotton-queen-sheet-set-legna-brown	Canningvale Australia;Sogno Linen;Sheet Set	SOGNOLINENCOTTONQUEENSHEETSETLEGNABROWN7633	0	"[{'"unitPrice'":134.90,'"thumbnail'":'"5ee61df60351c97df2d387f2\/thumbnail'",'"recommendedRetailPrice'":107.16,'"stockItemId'":3019}]"						f	t	Thet Lwin Oo	2020-06-14 04:48:58.812522	4395-01-31 16:00:00	4395-01-31 16:00:00	2420	1101	10747	1051
2680	Palazzo Royale 1000TC Single Quilt Cover Set	palazzo-royale-1000tc-single-quilt-cover-set	Canningvale Australia;Palazzo Royale 1000TC;Quilt Cover Set	PALAZZOROYALE1000TCSINGLEQUILTCOVERSET9069	0	"[{'"unitPrice'":99.90,'"thumbnail'":'"5ee61e7d0351c97df2d38823\/thumbnail'",'"recommendedRetailPrice'":79.36,'"stockItemId'":3042},{'"unitPrice'":99.90,'"thumbnail'":'"5ee61e870351c97df2d38829\/thumbnail'",'"recommendedRetailPrice'":79.36,'"stockItemId'":3045},{'"unitPrice'":99.90,'"thumbnail'":'"5ee61e840351c97df2d38827\/thumbnail'",'"recommendedRetailPrice'":79.36,'"stockItemId'":3044}]"						f	t	Thet Lwin Oo	2020-06-14 04:48:59.174519	4395-01-31 16:00:00	4395-01-31 16:00:00	2429	1101	10747	1051
