1251	White	951	1101
1252	Giallo Mustard	951	1101
1253	Nero Charcoal	951	1101
1254	Butterflies	951	1101
1255	Azura	951	1101
1256	Elizabeth	951	1101
1257	Blood Orange & Grapefruit	951	1101
1258	Lily & Rose	951	1101
1259	White Tea & Lychee	951	1101
1260	Black Stitch	951	1101
1261	Navy Stitch	951	1101
1262	Grey Stitch	951	1101
1263	Powder Blue	951	1101
1264	Mezzanotte Blue	951	1101
1265	Visone Brown	951	1101
1266	Silver	951	1101
1267	Angora Wheat	951	1101
1268	Oceano Teal	951	1101
1269	Storm Grey	951	1101
1270	Brilliant Blue	951	1101
1271	Porcini	951	1101
1272	Blush	951	1101
1273	Strom Grey	951	1101
1274	Carrara White	951	1101
1275	Carmello Gold	951	1101
1276	Cielo Blue	951	1101
1277	Carbone Grey	951	1101
1278	Verdura Green	951	1101
1279	Viola Purple	951	1101
1280	Pale Silver	951	1101
1281	Truffle	951	1101
1282	Midnight Blue	951	1101
1283	Rosa Pink	951	1101
1284	Denim Blue	951	1101
1285	Luce Purple	951	1101
1286	Inverna Sage	951	1101
1287	Fiore Dusky Rose	951	1101
1288	Limone Cream	951	1101
1289	Gelato Mint	951	1101
1290	Perla Grey	951	1101
1291	Rosa Gold	951	1101
1292	Fresco Blue	951	1101
1293	Indigo Blue	951	1101
1294	Tempesto Grey	951	1101
1295	Legna Brown	951	1101
1296	Amore Blush	951	1101
1297	Crip White	951	1101
1298	Royal Red	951	1101
1299	Bombay Blue	951	1101
1300	Silver Silk	951	1101
1101	Merena Blue	951	1101
1352	 Merena Pink	951	1101
1353	Modello	951	1101
1354	Ornella Blue	951	1101
1355	 Ornella Pink	951	1101
1356	Aida	951	1101
10301	Royale Purple	951	1101
